{
  "total_trades": 787,
  "wins": 735,
  "winrate": 93.39263024142312,
  "balance_initial": 1000,
  "balance_final": 231085694.221662,
  "pnl": 231084694.221662,
  "roi": 23108469.422166202,
  "timestamp": "2025-12-07T05:29:40.852160"
}