{
  "training_date": "2025-12-06T13:51:52.191722",
  "trades_used": 1000,
  "train_samples": 800,
  "validation_samples": 200,
  "validation_winrate": 59.5,
  "previous_winrate": 54.50000000000001,
  "improvement": 4.999999999999993
}